-- MySQL dump 10.13  Distrib 5.5.54, for debian-linux-gnu (x86_64)
--
-- Host: localhost    Database: blog
-- ------------------------------------------------------
-- Server version	5.5.54-0+deb8u1

/*!40101 SET @OLD_CHARACTER_SET_CLIENT=@@CHARACTER_SET_CLIENT */;
/*!40101 SET @OLD_CHARACTER_SET_RESULTS=@@CHARACTER_SET_RESULTS */;
/*!40101 SET @OLD_COLLATION_CONNECTION=@@COLLATION_CONNECTION */;
/*!40101 SET NAMES utf8 */;
/*!40103 SET @OLD_TIME_ZONE=@@TIME_ZONE */;
/*!40103 SET TIME_ZONE='+00:00' */;
/*!40014 SET @OLD_UNIQUE_CHECKS=@@UNIQUE_CHECKS, UNIQUE_CHECKS=0 */;
/*!40014 SET @OLD_FOREIGN_KEY_CHECKS=@@FOREIGN_KEY_CHECKS, FOREIGN_KEY_CHECKS=0 */;
/*!40101 SET @OLD_SQL_MODE=@@SQL_MODE, SQL_MODE='NO_AUTO_VALUE_ON_ZERO' */;
/*!40111 SET @OLD_SQL_NOTES=@@SQL_NOTES, SQL_NOTES=0 */;

--
-- Table structure for table `billet`
--

DROP TABLE IF EXISTS `billet`;
/*!40101 SET @saved_cs_client     = @@character_set_client */;
/*!40101 SET character_set_client = utf8 */;
CREATE TABLE `billet` (
  `id` int(11) NOT NULL AUTO_INCREMENT,
  `title` varchar(45) NOT NULL,
  `content` longtext NOT NULL,
  `illustration` varchar(50) DEFAULT NULL,
  `createdAt` datetime NOT NULL,
  `updatedAt` datetime DEFAULT NULL,
  `category_id` int(11) DEFAULT NULL,
  `user_id` int(11) DEFAULT NULL,
  PRIMARY KEY (`id`),
  UNIQUE KEY `id_UNIQUE` (`id`),
  KEY `fk_user` (`user_id`),
  KEY `fk_category_idx` (`category_id`),
  CONSTRAINT `fk_category` FOREIGN KEY (`category_id`) REFERENCES `category` (`id`),
  CONSTRAINT `fk_user` FOREIGN KEY (`user_id`) REFERENCES `user` (`id`)
) ENGINE=InnoDB AUTO_INCREMENT=12 DEFAULT CHARSET=utf8;
/*!40101 SET character_set_client = @saved_cs_client */;

--
-- Dumping data for table `billet`
--

LOCK TABLES `billet` WRITE;
/*!40000 ALTER TABLE `billet` DISABLE KEYS */;
INSERT INTO `billet` VALUES (1,'Chapitre 1 : Le Passeport','<p>Haec igitur Epicuri non probo, inquam. De cetero vellem equidem aut ipse doctrinis fuisset instructior est enim, quod tibi ita videri necesse est, non satis politus iis artibus, quas qui tenent, eruditi appellantur aut ne deterruisset alios a studiis. quamquam te quidem video minime esse deterritum.</p>\r\n<p>Batnae municipium in Anthemusia conditum Macedonum manu priscorum ab Euphrate flumine brevi spatio disparatur, refertum mercatoribus opulentis, ubi annua sollemnitate prope Septembris initium mensis ad nundinas magna promiscuae fortunae convenit multitudo ad commercanda quae Indi mittunt et Seres aliaque plurima vehi terra marique consueta.</p>\r\n<p>Nec sane haec sola pernicies orientem diversis cladibus adfligebat. Namque et Isauri, quibus est usitatum saepe pacari saepeque inopinis excursibus cuncta miscere, ex latrociniis occultis et raris, alente inpunitate adulescentem in peius audaciam ad bella gravia proruperunt, diu quidem perduelles spiritus inrequietis motibus erigentes, hac tamen indignitate perciti vehementer, ut iactitabant, quod eorum capiti quidam consortes apud Iconium Pisidiae oppidum in amphitheatrali spectaculo feris praedatricibus obiecti sunt praeter morem.</p>\r\n<p>Exsistit autem hoc loco quaedam quaestio subdifficilis, num quando amici novi, digni amicitia, veteribus sint anteponendi, ut equis vetulis teneros anteponere solemus. Indigna homine dubitatio! Non enim debent esse amicitiarum sicut aliarum rerum satietates; veterrima quaeque, ut ea vina, quae vetustatem ferunt, esse debet suavissima; verumque illud est, quod dicitur, multos modios salis simul edendos esse, ut amicitiae munus expletum sit.</p>\r\n<p>In his tractibus navigerum nusquam visitur flumen sed in locis plurimis aquae suapte natura calentes emergunt ad usus aptae multiplicium medelarum. verum has quoque regiones pari sorte Pompeius Iudaeis domitis et Hierosolymis captis in provinciae speciem delata iuris dictione formavit.</p>','passport.jpg','2017-08-01 20:51:02','2017-08-15 01:59:24',NULL,NULL),(2,'Chapitre 2 : Partir sans valises','<p>Now that there is the Tec-9, a crappy spray gun from South Miami. This gun is advertised as the most popular gun in American crime. Do you believe that shit? It actually says that in the little book that comes with it: the most popular gun in American crime. Like they\'re actually proud of that shit.&nbsp;</p>\r\n<p>The path of the righteous man is beset on all sides by the iniquities of the selfish and the tyranny of evil men. Blessed is he who, in the name of charity and good will, shepherds the weak through the valley of darkness, for he is truly his brother\'s keeper and the finder of lost children. And I will strike down upon thee with great vengeance and furious anger those who would attempt to poison and destroy My brothers. And you will know My name is the Lord when I lay My vengeance upon thee.</p>','voyage-perou-valise.jpg','2017-08-01 20:55:17','2017-08-15 02:01:34',NULL,NULL),(7,'Chapitre 3 : La panne d\'essence','<p style=\"margin: 0px 0px 15px; padding: 0px; text-align: justify; font-family: \'Open Sans\', Arial, sans-serif;\">Lorem ipsum dolor sit amet, consectetur adipiscing elit. Proin non dapibus magna, sed ultrices nisl. Vestibulum semper enim a auctor dictum. Duis imperdiet lacus at maximus tempus. Donec laoreet felis ipsum, non convallis odio laoreet non. Mauris aliquam molestie dui a commodo. Mauris ultricies placerat elit id placerat. Mauris vel est arcu. Proin congue vestibulum lorem, nec viverra mi mollis ut. Ut sed aliquet diam. Nam a scelerisque ante. In accumsan, arcu eu egestas egestas, elit nunc iaculis orci, id lacinia leo dui nec nisi. Praesent dignissim elit non tortor finibus, ac blandit arcu eleifend.</p>\r\n<p style=\"margin: 0px 0px 15px; padding: 0px; text-align: justify; font-family: \'Open Sans\', Arial, sans-serif;\">Aliquam in commodo augue, id hendrerit purus. Donec sollicitudin eu lacus et bibendum. Integer vel euismod dui, vel vulputate ipsum. Donec id ligula sed lorem auctor laoreet. Aenean dignissim faucibus luctus. Vivamus cursus auctor cursus. Nulla facilisi. Nullam vel diam laoreet, ultrices lorem mollis, aliquet metus. Nullam suscipit faucibus nulla, ut suscipit turpis tristique vel. Pellentesque risus libero, laoreet ac eros mollis, auctor fermentum leo. Integer odio lectus, condimentum eu ipsum pretium, ultrices porttitor urna.</p>\r\n<p style=\"margin: 0px 0px 15px; padding: 0px; text-align: justify; font-family: \'Open Sans\', Arial, sans-serif;\">Donec sit amet molestie diam. Sed accumsan magna lectus, luctus gravida tellus fringilla sit amet. Curabitur erat nunc, elementum non tortor ac, dictum tincidunt lacus. Pellentesque aliquam euismod elementum. Vivamus est nisi, scelerisque nec interdum eu, iaculis a ex. Sed eget accumsan dolor, et rutrum augue. Nam eu vulputate sapien, non malesuada velit. Pellentesque habitant morbi tristique senectus et netus et malesuada fames ac turpis egestas. Nunc bibendum dolor non velit varius, non suscipit dui dignissim. Duis ut tortor rhoncus, congue lorem dictum, sollicitudin turpis. Sed at ex id mi semper egestas quis sed mauris. Maecenas non dui non magna semper dapibus.</p>\r\n<p style=\"margin: 0px 0px 15px; padding: 0px; text-align: justify; font-family: \'Open Sans\', Arial, sans-serif;\">Cras lectus sapien, consectetur et enim nec, ultrices porta ante. Nulla facilisi. Integer condimentum ex ut eros aliquam varius. Nunc volutpat sodales justo, quis malesuada augue accumsan nec. Donec commodo neque ligula, eu tincidunt ex molestie sit amet. Ut rhoncus diam sem, vitae aliquet ante ultricies eu. Sed tincidunt magna sed pharetra posuere. Nam eget orci nisl. Pellentesque id rutrum sapien. Integer vitae venenatis dolor. Duis sed metus nisi. Suspendisse potenti. Nulla mi dolor, sollicitudin quis rhoncus quis, sollicitudin quis nisi. Donec fringilla lacus bibendum velit malesuada convallis.</p>\r\n<p style=\"margin: 0px 0px 15px; padding: 0px; text-align: justify; font-family: \'Open Sans\', Arial, sans-serif;\">Nunc ut lacinia ex. Interdum et malesuada fames ac ante ipsum primis in faucibus. Vestibulum sed semper libero. Phasellus consectetur venenatis felis, accumsan pulvinar nulla porta vitae. Sed enim velit, bibendum convallis odio eget, elementum malesuada magna. Ut sit amet elit condimentum erat luctus mollis a in nunc. Cras ultricies enim ut semper fringilla. Nunc rutrum, est non posuere placerat, justo elit tristique metus, in consequat diam quam a tellus.</p>','image003.jpg','2017-08-05 11:22:27','2017-08-15 02:06:53',NULL,NULL),(8,'Chapitre 4 : Le lac','<p>Mox dicta finierat, multitudo omnis ad, quae imperator voluit, promptior laudato consilio consensit in pacem ea ratione maxime percita, quod norat expeditionibus crebris fortunam eius in malis tantum civilibus vigilasse, cum autem bella moverentur externa, accidisse plerumque luctuosa, icto post haec foedere gentium ritu perfectaque sollemnitate imperator Mediolanum ad hiberna discessit.</p>\r\n<p>Raptim igitur properantes ut motus sui rumores celeritate nimia praevenirent, vigore corporum ac levitate confisi per flexuosas semitas ad summitates collium tardius evadebant. et cum superatis difficultatibus arduis ad supercilia venissent fluvii Melanis alti et verticosi, qui pro muro tuetur accolas circumfusus, augente nocte adulta terrorem quievere paulisper lucem opperientes. arbitrabantur enim nullo inpediente transgressi inopino adcursu adposita quaeque vastare, sed in cassum labores pertulere gravissimos.</p>\r\n<p>Post quorum necem nihilo lenius ferociens Gallus ut leo cadaveribus pastus multa huius modi scrutabatur. quae singula narrare non refert, me professione modum, quod evitandum est, excedamus.</p>\r\n<p>Altera sententia est, quae definit amicitiam paribus officiis ac voluntatibus. Hoc quidem est nimis exigue et exiliter ad calculos vocare amicitiam, ut par sit ratio acceptorum et datorum. Divitior mihi et affluentior videtur esse vera amicitia nec observare restricte, ne plus reddat quam acceperit; neque enim verendum est, ne quid excidat, aut ne quid in terram defluat, aut ne plus aequo quid in amicitiam congeratur.</p>\r\n<p>Quapropter a natura mihi videtur potius quam ab indigentia orta amicitia, applicatione magis animi cum quodam sensu amandi quam cogitatione quantum illa res utilitatis esset habitura. Quod quidem quale sit, etiam in bestiis quibusdam animadverti potest, quae ex se natos ita amant ad quoddam tempus et ab eis ita amantur ut facile earum sensus appareat. Quod in homine multo est evidentius, primum ex ea caritate quae est inter natos et parentes, quae dirimi nisi detestabili scelere non potest; deinde cum similis sensus exstitit amoris, si aliquem nacti sumus cuius cum moribus et natura congruamus, quod in eo quasi lumen aliquod probitatis et virtutis perspicere videamur.</p>','Alaska-Ouest-Canadien-vallee-lac.jpg','2017-08-05 11:41:08','2017-08-15 02:11:13',NULL,NULL),(11,'Chapitre 5 : La cabane','<p>Nihil morati post haec militares avidi saepe turbarum adorti sunt Montium primum, qui divertebat in proximo, levi corpore senem atque morbosum, et hirsutis resticulis cruribus eius innexis divaricaturn sine spiramento ullo ad usque praetorium traxere praefecti.</p>\r\n<p>Quare hoc quidem praeceptum, cuiuscumque est, ad tollendam amicitiam valet; illud potius praecipiendum fuit, ut eam diligentiam adhiberemus in amicitiis comparandis, ut ne quando amare inciperemus eum, quem aliquando odisse possemus. Quin etiam si minus felices in diligendo fuissemus, ferendum id Scipio potius quam inimicitiarum tempus cogitandum putabat.</p>\r\n<p>Principium autem unde latius se funditabat, emersit ex negotio tali. Chilo ex vicario et coniux eius Maxima nomine, questi apud Olybrium ea tempestate urbi praefectum, vitamque suam venenis petitam adseverantes inpetrarunt ut hi, quos suspectati sunt, ilico rapti conpingerentur in vincula, organarius Sericus et Asbolius palaestrita et aruspex Campensis.</p>\r\n<p>Restabat ut Caesar post haec properaret accitus et abstergendae causa suspicionis sororem suam, eius uxorem, Constantius ad se tandem desideratam venire multis fictisque blanditiis hortabatur. quae licet ambigeret metuens saepe cruentum, spe tamen quod eum lenire poterit ut germanum profecta, cum Bithyniam introisset, in statione quae Caenos Gallicanos appellatur, absumpta est vi febrium repentina. cuius post obitum maritus contemplans cecidisse fiduciam qua se fultum existimabat, anxia cogitatione, quid moliretur haerebat.</p>\r\n<p>Nec sane haec sola pernicies orientem diversis cladibus adfligebat. Namque et Isauri, quibus est usitatum saepe pacari saepeque inopinis excursibus cuncta miscere, ex latrociniis occultis et raris, alente inpunitate adulescentem in peius audaciam ad bella gravia proruperunt, diu quidem perduelles spiritus inrequietis motibus erigentes, hac tamen indignitate perciti vehementer, ut iactitabant, quod eorum capiti quidam consortes apud Iconium Pisidiae oppidum in amphitheatrali spectaculo feris praedatricibus obiecti sunt praeter morem.</p>','p04g.jpg','2017-08-05 12:02:35','2017-08-15 02:13:34',NULL,NULL);
/*!40000 ALTER TABLE `billet` ENABLE KEYS */;
UNLOCK TABLES;

--
-- Table structure for table `category`
--

DROP TABLE IF EXISTS `category`;
/*!40101 SET @saved_cs_client     = @@character_set_client */;
/*!40101 SET character_set_client = utf8 */;
CREATE TABLE `category` (
  `id` int(11) NOT NULL AUTO_INCREMENT,
  `name` varchar(255) DEFAULT NULL,
  `createdAt` datetime NOT NULL,
  `updatedAt` datetime DEFAULT NULL,
  PRIMARY KEY (`id`),
  UNIQUE KEY `id_UNIQUE` (`id`)
) ENGINE=InnoDB DEFAULT CHARSET=utf8;
/*!40101 SET character_set_client = @saved_cs_client */;

--
-- Dumping data for table `category`
--

LOCK TABLES `category` WRITE;
/*!40000 ALTER TABLE `category` DISABLE KEYS */;
/*!40000 ALTER TABLE `category` ENABLE KEYS */;
UNLOCK TABLES;

--
-- Table structure for table `commentary`
--

DROP TABLE IF EXISTS `commentary`;
/*!40101 SET @saved_cs_client     = @@character_set_client */;
/*!40101 SET character_set_client = utf8 */;
CREATE TABLE `commentary` (
  `id` int(11) NOT NULL AUTO_INCREMENT,
  `billet_id` int(11) DEFAULT NULL,
  `comment` varchar(45) NOT NULL,
  `user_id` int(10) NOT NULL,
  `createdAt` datetime NOT NULL,
  `updatedAt` datetime DEFAULT NULL,
  `commentary_id` int(11) DEFAULT NULL,
  PRIMARY KEY (`id`),
  UNIQUE KEY `id_UNIQUE` (`id`),
  KEY `fk_commentary_idx` (`commentary_id`),
  KEY `billet_id_idx` (`billet_id`),
  KEY `fk_commentary_user` (`user_id`),
  CONSTRAINT `fk_billet` FOREIGN KEY (`billet_id`) REFERENCES `billet` (`id`),
  CONSTRAINT `fk_commentary` FOREIGN KEY (`commentary_id`) REFERENCES `commentary` (`id`),
  CONSTRAINT `fk_commentary_user` FOREIGN KEY (`user_id`) REFERENCES `user` (`id`)
) ENGINE=InnoDB AUTO_INCREMENT=19 DEFAULT CHARSET=utf8;
/*!40101 SET character_set_client = @saved_cs_client */;

--
-- Dumping data for table `commentary`
--

LOCK TABLES `commentary` WRITE;
/*!40000 ALTER TABLE `commentary` DISABLE KEYS */;
INSERT INTO `commentary` VALUES (1,11,'Cool',2,'2017-08-11 20:09:09',NULL,NULL),(2,11,'Encore un commentaire?',2,'2017-08-11 20:17:27',NULL,NULL),(15,11,'Bravo pour les commentaires',4,'2017-08-11 20:34:13',NULL,NULL),(16,7,'C\'est long et je ne comprends pas le latin',4,'2017-08-11 20:36:12',NULL,NULL),(17,8,'C\'est géniale',4,'2017-08-12 05:57:19',NULL,NULL),(18,11,'+1 commentaire ;)',5,'2017-08-15 12:10:55',NULL,NULL);
/*!40000 ALTER TABLE `commentary` ENABLE KEYS */;
UNLOCK TABLES;

--
-- Table structure for table `roles`
--

DROP TABLE IF EXISTS `roles`;
/*!40101 SET @saved_cs_client     = @@character_set_client */;
/*!40101 SET character_set_client = utf8 */;
CREATE TABLE `roles` (
  `id` int(11) NOT NULL AUTO_INCREMENT,
  `roles` varchar(45) DEFAULT NULL,
  PRIMARY KEY (`id`)
) ENGINE=InnoDB AUTO_INCREMENT=5 DEFAULT CHARSET=utf8;
/*!40101 SET character_set_client = @saved_cs_client */;

--
-- Dumping data for table `roles`
--

LOCK TABLES `roles` WRITE;
/*!40000 ALTER TABLE `roles` DISABLE KEYS */;
INSERT INTO `roles` VALUES (1,'SUPER_ADMIN'),(2,'ADMIN'),(3,'USER'),(4,'USER');
/*!40000 ALTER TABLE `roles` ENABLE KEYS */;
UNLOCK TABLES;

--
-- Table structure for table `user`
--

DROP TABLE IF EXISTS `user`;
/*!40101 SET @saved_cs_client     = @@character_set_client */;
/*!40101 SET character_set_client = utf8 */;
CREATE TABLE `user` (
  `id` int(11) NOT NULL AUTO_INCREMENT,
  `firstname` varchar(16) DEFAULT NULL,
  `lastname` varchar(16) DEFAULT NULL,
  `email` varchar(255) NOT NULL,
  `password` varchar(65) NOT NULL,
  `createdAt` datetime NOT NULL,
  `updatedAt` datetime DEFAULT NULL,
  `roles_id` int(11) DEFAULT NULL,
  PRIMARY KEY (`id`),
  UNIQUE KEY `id_UNIQUE` (`id`),
  KEY `fk_roles_idx` (`roles_id`),
  CONSTRAINT `fk_roles` FOREIGN KEY (`roles_id`) REFERENCES `roles` (`id`)
) ENGINE=InnoDB AUTO_INCREMENT=6 DEFAULT CHARSET=utf8;
/*!40101 SET character_set_client = @saved_cs_client */;

--
-- Dumping data for table `user`
--

LOCK TABLES `user` WRITE;
/*!40000 ALTER TABLE `user` DISABLE KEYS */;
INSERT INTO `user` VALUES (1,'Florentin','Garnier','florentin@digital404.fr','$2y$10$SbhjrOmpnNM/Q8V.T3JoFuqK3liwpF4ZfS6pzCBb8aYEp47JRxcDe','2017-07-31 09:04:18',NULL,1),(2,'Garnier','Florentin','garnier.florentin@gmail.com','$2y$10$/wgvSKIZFcUFRgvsLGtm7ewnpBb27bmI0vddyx7mADib9A/8n2aIW','2017-07-31 09:35:21',NULL,2),(3,'Florentin','Garnier','florentin.garnier@periscopemail.com','$2y$10$SbhjrOmpnNM/Q8V.T3JoFuqK3liwpF4ZfS6pzCBb8aYEp47JRxcDe','2017-07-31 14:40:49',NULL,3),(4,'Jean jacques','Grount','florentin.garnier@me.com','$2y$10$5.grAtgSGbIZb.TV7OIWF.BQn2oyYYYLy.mmF5q8Zxp1YtAlyDXti','2017-08-05 09:50:56',NULL,3),(5,'Aurore','G','gaucher.aurore@laposte.net','$2y$10$9ZGYxWSGkJ0VDj279gMmy.G2b/Ttp.XSVkWIdTdGqGCeQBc61Yswe','2017-08-15 12:09:43',NULL,3);
/*!40000 ALTER TABLE `user` ENABLE KEYS */;
UNLOCK TABLES;
/*!40103 SET TIME_ZONE=@OLD_TIME_ZONE */;

/*!40101 SET SQL_MODE=@OLD_SQL_MODE */;
/*!40014 SET FOREIGN_KEY_CHECKS=@OLD_FOREIGN_KEY_CHECKS */;
/*!40014 SET UNIQUE_CHECKS=@OLD_UNIQUE_CHECKS */;
/*!40101 SET CHARACTER_SET_CLIENT=@OLD_CHARACTER_SET_CLIENT */;
/*!40101 SET CHARACTER_SET_RESULTS=@OLD_CHARACTER_SET_RESULTS */;
/*!40101 SET COLLATION_CONNECTION=@OLD_COLLATION_CONNECTION */;
/*!40111 SET SQL_NOTES=@OLD_SQL_NOTES */;

-- Dump completed on 2017-08-15 15:22:43
